Node,Head (m),Pressure (m)
MOMBA_INTAKE,1360.7914,1.7913574
MOMBA_INTAKE_PS,1370.1754,4.2354174
MOMBA_INTAKE_DIS,1366.6127,0.6726207
GRIT_TANK_PS,1386.6985,20.758465
GRIT_TANK_DIS,1381.9406,16.000578
MOMBA_WTP_PS,1701.0548,328.95486
MOMBA_WTP_DIS,1698.1012,326.00122
NKANGAMO_BPS_PS,1774.1984,218.69838
NKANGAMO_BPS_DIS,1771.1947,215.69473
J-001N,1740.7037,42.36372
J-002N,1740.6436,41.393597
J-003N,1740.5142,41.174114
UHURU_PARK_GBR_DIST,1702.2328,9.932842
TUNDUMA_ESR_DIST,1706.4102,7.9101496
UHURU_GSR01_DIST,1701.2723,7.872305
IPITO_GSR02_DIST,1684.0464,7.8463426
J-004N,1691.892,61.811966
MAKAMBINI_GSR03_DIST,1658.5463,7.8462806
CHAPWA_GSR04_DIST,1524.2463,7.8463106
N0002,1381.5867,15.716665
N0003,1381.4503,15.430338
N0004,1381.3138,15.233863
N0005,1381.1775,14.967536
N0006,1381.0413,14.711209
N0007,1380.9049,13.5348835
N0008,1380.7686,12.3485565
N0009,1380.6321,10.462081
N0010,1380.4957,9.295754
N0011,1380.3633,7.8932977
N0012,1380.2269,8.236971
N0013,1380.0907,7.7406445
N0014,1379.9543,7.584318
N0015,1379.818,7.3879914
N0016,1379.6816,7.5016646
N0017,1379.5453,7.4453382
N0018,1379.409,7.5690117
N0019,1379.2727,7.6826854
N0020,1379.1364,7.2063584
N0022,1698.0244,324.81442
N0023,1697.9478,323.84778
N0024,1697.8711,322.62112
N0025,1697.7944,321.4745
N0026,1697.7179,320.55783
N0027,1697.641,318.85104
N0028,1697.5645,317.6144
N0029,1697.4878,315.85776
N0030,1697.411,314.04095
N0031,1697.3344,312.96432
N0032,1697.2577,311.05768
N0033,1697.1809,309.54086
N0034,1697.1042,308.38422
N0035,1697.0276,307.22757
N0036,1696.9509,306.37094
N0037,1696.8743,305.9043
N0038,1696.7976,305.75763
N0039,1696.7208,306.02084
N0040,1696.6442,306.2042
N0041,1696.5675,306.62756
N0042,1696.4908,307.1809
N0043,1696.4143,307.92426
N0044,1696.3376,308.1176
N0045,1696.261,308.27097
N0046,1696.1843,307.55432
N0047,1696.1075,306.4175
N0048,1696.0309,305.52087
N0049,1695.9542,304.06424
N0050,1695.8776,302.63757
N0051,1695.8008,300.8108
N0052,1695.7241,298.84415
N0053,1695.6473,297.47736
N0054,1695.5707,296.5907
N0055,1695.494,295.66406
N0056,1695.4174,294.7074
N0057,1695.3408,294.06076
N0058,1695.2639,292.75397
N0059,1695.2086,291.4986
N0060,1695.132,291.28195
N0061,1695.0552,292.86517
N0062,1694.9785,292.23853
N0063,1694.9019,290.81186
N0064,1694.8251,289.33508
N0065,1694.7484,287.61844
N0066,1694.6718,288.3618
N0068,1694.5148,288.04477
N0069,1694.4381,288.4381
N0070,1694.3613,291.32132
N0071,1694.2845,291.0645
N0072,1694.2079,290.4579
N0073,1694.1312,290.33124
N0074,1694.0737,291.1038
N0075,1693.9972,290.13715
N0076,1693.9205,289.68048
N0077,1693.8439,288.49384
N0078,1693.7672,287.8872
N0079,1693.6906,286.90054
N0080,1693.6139,286.6339
N0081,1693.5371,285.9371
N0082,1693.4604,285.58047
N0083,1693.3838,284.79382
N0084,1693.3071,283.97717
N0085,1693.2305,282.98053
N0086,1693.1539,282.28387
N0087,1693.0773,281.61722
N0088,1693.0005,280.72043
N0089,1692.9238,279.9738
N0090,1692.8472,279.41714
N0091,1692.7705,278.5205
N0092,1692.6938,278.01385
N0093,1692.6183,277.46826
N0094,1692.5416,277.0316
N0095,1692.4648,276.9848
N0096,1692.3882,277.20816
N0097,1692.3115,277.65152
N0098,1692.2349,278.10486
N0099,1692.1582,278.85822
N0100,1692.0815,279.37158
N0101,1692.0049,280.26492
N0102,1691.9281,281.09814
N0103,1691.8514,281.8715
N0104,1691.7748,282.25485
N0105,1691.6982,283.4082
N0106,1691.6216,284.22156
N0107,1691.5449,284.7849
N0108,1691.4681,285.8081
N0109,1691.3915,286.29144
N0110,1691.3148,286.7348
N0111,1691.2382,286.48816
N0112,1691.1615,286.60153
N0113,1691.0848,286.42487
N0114,1691.0082,286.11823
N0115,1690.9315,286.0316
N0116,1690.855,285.75494
N0117,1690.7783,285.38828
N0118,1690.7015,284.1615
N0119,1690.6249,284.82483
N0120,1690.5482,284.7582
N0121,1690.4716,284.58154
N0122,1690.3949,284.2549
N0123,1690.3182,283.78827
N0124,1690.2416,283.25162
N0125,1690.1649,282.71497
N0126,1690.0884,282.2983
N0127,1690.0115,281.8315
N0128,1689.9349,280.95486
N0129,1689.8583,280.23822
N0130,1689.7816,279.52158
N0131,1689.705,279.00494
N0132,1689.6283,278.3183
N0133,1689.5516,277.70163
N0134,1689.475,277.195
N0135,1689.3982,276.35822
N0136,1689.3215,275.53156
N0137,1689.2449,275.19492
N0138,1689.1682,274.06827
N0139,1689.0917,273.8316
N0140,1689.015,272.84497
N0141,1688.9384,272.27832
N0142,1688.8616,270.49152
N0143,1688.7849,270.9249
N0144,1688.7083,270.23822
N0145,1688.6316,269.3816
N0146,1688.5549,268.63495
N0147,1688.4783,268.2183
N0148,1688.4015,267.4115
N0149,1688.3248,266.73486
N0150,1688.2482,266.3082
N0151,1688.1715,265.79156
N0152,1688.095,265.0649
N0153,1688.0183,264.85828
N0154,1687.9417,264.85162
N0155,1687.865,263.895
N0156,1687.7883,263.94833
N0157,1687.7117,263.43167
N0158,1687.6349,262.96487
N0159,1687.5582,262.71823
N0160,1687.4816,262.71158
N0161,1687.4049,262.50494
N0162,1687.3282,262.8783
N0163,1687.2517,262.66165
N0164,1687.175,262.415
N0165,1687.0984,262.50836
N0166,1687.0217,262.17172
N0167,1686.9451,262.94507
N0168,1686.8683,262.26828
N0169,1686.7916,262.11163
N0170,1686.715,261.395
N0171,1686.6383,260.73834
N0172,1686.5616,260.4617
N0173,1686.485,259.59503
N0174,1686.4084,259.4384
N0175,1686.3318,259.10175
N0176,1686.2551,258.3351
N0177,1686.1783,258.39832
N0178,1686.1017,257.93167
N0179,1686.025,257.795
N0180,1685.9484,257.47836
N0181,1685.8717,257.52173
N0182,1685.795,257.14508
N0183,1685.7184,256.2784
N0184,1685.6417,256.17178
N0185,1685.5652,256.67514
N0186,1685.4885,256.5485
N0187,1685.4117,256.6417
N0188,1685.3351,256.24506
N0189,1685.2584,255.9984
N0190,1685.1818,256.82175
N0191,1685.1051,257.0751
N0192,1685.0284,257.39847
N0193,1684.9518,257.52182
N0194,1684.8751,257.62515
N0195,1684.7985,257.20853
N0196,1684.7219,257.6819
N0197,1684.645,257.56506
N0198,1684.5685,257.21844
N0199,1684.4918,257.26178
N0200,1684.4152,256.70514
N0201,1684.3385,256.2385
N0202,1684.2618,255.40184
N0203,1684.1852,254.6352
N0204,1684.1085,254.39856
N0205,1684.0319,254.4819
N0206,1683.9551,254.0451
N0207,1683.8784,253.66846
N0208,1683.8018,253.35182
N0209,1683.7252,253.39517
N0210,1683.6486,253.41852
N0211,1683.5719,253.49188
N0212,1683.4952,253.23523
N0213,1683.4186,254.06859
N0214,1683.3419,254.37193
N0215,1683.2653,253.9753
N0216,1683.1885,254.7585
N0217,1683.1118,255.02185
N0218,1683.0352,255.0652
N0219,1682.9586,255.10855
N0220,1682.882,255.21191
N0221,1682.8053,255.61526
N0222,1682.7286,255.91862
N0223,1682.652,255.50197
N0224,1682.5752,256.70517
N0225,1682.4985,256.48853
N0226,1682.4219,256.74188
N0227,1682.3452,257.43524
N0228,1682.2686,257.6486
N0229,1682.1919,257.99194
N0230,1682.1154,257.63528
N0231,1682.0387,258.55865
N0232,1681.9619,258.79187
N0233,1681.8853,258.9352
N0234,1681.8086,259.06857
N0235,1681.7319,260.25192
N0236,1681.6553,260.15527
N0237,1681.5786,260.05862
N0238,1681.502,260.98196
N0239,1681.4253,261.52533
N0240,1681.3485,261.52853
N0241,1681.2719,261.6919
N0242,1681.1952,261.65524
N0243,1681.1187,261.8986
N0244,1681.042,261.94196
N0245,1680.9653,262.1253
N0246,1680.8887,262.44867
N0247,1680.8119,264.16187
N0248,1680.7352,264.5952
N0249,1680.6586,263.50858
N0250,1680.5819,263.56192
N0251,1680.5052,263.99527
N0252,1680.4286,262.70862
N0253,1680.3519,261.662
N0254,1680.2754,261.56534
N0255,1680.1985,261.76855
N0256,1680.122,261.7519
N0257,1680.0453,261.12524
N0258,1679.9686,260.6786
N0259,1679.892,261.44196
N0260,1679.8153,260.8353
N0261,1679.7385,258.0985
N0262,1679.6619,256.74185
N0263,1679.5851,255.16507
N0264,1679.5084,254.05843
N0265,1679.4318,253.15178
N0266,1679.3551,251.46513
N0267,1679.2783,249.94833
N0268,1679.2017,249.01169
N0269,1679.125,247.37505
N0270,1679.0483,246.6184
N0271,1678.9718,245.40175
N0272,1678.8949,243.95496
N0273,1678.8184,242.4183
N0274,1678.7417,241.32166
N0275,1678.665,240.02501
N0276,1678.5883,239.22823
N0277,1678.5116,238.28157
N0278,1678.4349,237.59492
N0279,1678.3583,236.19829
N0280,1678.2816,235.93164
N0281,1678.205,235.19499
N0282,1678.1283,234.78835
N0283,1678.0515,234.54155
N0284,1677.9749,234.4549
N0285,1677.8982,234.33826
N0286,1677.8217,234.7816
N0287,1677.745,234.85497
N0288,1677.6683,235.03831
N0289,1677.5917,234.92166
N0290,1677.515,235.48502
N0291,1677.4384,235.59837
N0292,1677.3617,235.82173
N0293,1677.285,235.86508
N0294,1677.2083,235.97829
N0295,1677.1316,235.87164
N0296,1677.0549,235.635
N0297,1676.9784,235.31834
N0298,1676.9017,235.2617
N0299,1676.8251,234.47505
N0300,1676.7484,234.30841
N0301,1676.6718,234.03175
N0302,1676.5951,233.7651
N0303,1676.5183,233.44832
N0304,1676.4417,232.82167
N0305,1676.365,232.22502
N0306,1676.2883,231.62837
N0307,1676.2118,231.38173
N0308,1676.1351,230.60509
N0309,1676.0585,229.85844
N0310,1675.9818,229.52179
N0311,1675.9052,228.93515
N0312,1675.8285,228.1685
N0313,1675.7518,227.79185
N0314,1675.675,227.45506
N0315,1675.5984,226.88841
N0316,1675.5217,226.76176
N0317,1675.4451,226.29512
N0318,1675.3685,226.52847
N0319,1675.2919,225.92183
N0320,1675.2152,225.63518
N0321,1675.1385,225.34853
N0322,1675.0619,225.20189
N0323,1674.9852,224.55524
N0324,1674.9086,224.78859
N0325,1674.8318,224.7018
N0326,1674.7551,224.14516
N0327,1674.6785,223.8885
N0328,1674.6018,223.79185
N0329,1674.5253,223.82521
N0330,1674.4486,223.40857
N0331,1674.372,223.26192
N0332,1674.2953,222.52527
N0333,1674.2186,223.07863
N0334,1674.142,222.93198
N0335,1674.0653,222.39534
N0336,1673.9885,222.44853
N0337,1673.9119,221.92189
N0338,1673.8352,221.81525
N0339,1673.7585,221.6886
N0340,1673.682,221.19196
N0341,1673.6053,220.9853
N0342,1673.5287,220.79866
N0343,1673.452,220.48201
N0344,1673.3754,220.54536
N0345,1673.2987,220.39871
N0346,1673.222,220.27208
N0347,1673.1453,220.24529
N0348,1673.0686,220.75864
N0349,1672.992,220.69199
N0350,1672.9153,221.42534
N0351,1672.8387,221.63869
N0352,1672.7621,221.96205
N0353,1672.6854,221.9454
N0354,1672.6088,222.32875
N0355,1672.5321,221.6121
N0356,1672.4553,221.11531
N0357,1672.3787,219.62866
N0358,1672.302,220.06201
N0359,1672.2253,219.09537
N0360,1672.1487,217.80873
N0361,1672.072,216.82208
N0362,1671.9952,215.48528
N0363,1671.9186,215.63864
N0364,1671.842,214.83199
N0365,1671.7654,214.09534
N0366,1671.6887,214.1287
N0367,1671.612,213.58205
N0368,1671.5354,213.2054
N0369,1671.4586,212.88861
N0370,1671.382,212.20197
N0371,1671.3053,211.65532
N0372,1671.2286,210.52867
N0373,1671.152,210.34203
N0374,1671.0753,209.45538
N0375,1670.9988,208.66873
N0376,1670.9221,208.09209
N0377,1670.8453,207.04529
N0378,1670.7687,205.78864
N0379,1670.692,203.802
N0380,1670.6154,203.46535
N0381,1670.5386,202.12856
N0382,1670.4619,200.96191
N0383,1670.3853,201.40526
N0384,1670.3086,200.71861
N0385,1670.2319,200.13197
N0386,1670.1553,199.27531
N0387,1670.0785,198.46852
N0388,1670.0018,197.29189
N0389,1669.9253,195.96523
N0390,1669.8486,195.34859
N0391,1669.7719,193.46179
N0392,1669.6952,192.43515
N0393,1669.6185,191.9585
N0394,1669.5419,191.35185
N0395,1669.475,190.25502
N0396,1669.3982,186.72823
N0397,1669.3213,182.58128
N0398,1669.2445,178.8745
N0399,1669.1676,174.66754
N0400,1669.0902,167.93016
N0401,1669.0125,159.37247
N0402,1668.9331,146.09314
N0403,1668.3445,22.38453
N0404,1668.3138,21.89387
N0405,1668.2831,19.653063
N0406,1668.2524,18.662405
N0407,1668.2344,18.534395
N0408,1668.1842,21.664242
N0409,1668.139,18.488997
N0410,1668.0667,12.376667
N0411,1667.9808,6.620793
NKANGAMO_BPS_IN,1616.3517,63.851723
NKANGAMO_BPS_VD,1553.0566,0.5566078
N0413,1667.7242,88.554214
N0414,1667.6517,112.61173
N0415,1667.5815,129.88148
N0416,1667.514,144.67407
N0417,1667.4456,157.34561
N0418,1667.3787,164.91864
N0419,1667.3118,170.53181
N0420,1667.2451,176.75514
N0421,1667.1786,180.33861
N0422,1667.112,184.42209
N0423,1667.0457,187.4257
N0424,1666.994,186.80406
N0425,1666.9279,185.63783
N0426,1666.8615,184.68146
N0427,1666.7953,183.97523
N0428,1666.7363,183.9363
N0429,1666.6699,186.2799
N0430,1666.6124,189.46246
N0431,1666.5463,191.11624
N0432,1666.4799,193.54987
N0433,1666.4136,194.66364
N0434,1666.3473,196.23726
N0435,1666.281,198.03102
N0436,1666.2146,199.11465
N0437,1666.1484,200.19843
N0438,1666.082,201.36205
N0439,1666.0159,202.49582
N0440,1665.9495,204.18944
N0441,1665.8832,205.1932
N0442,1665.817,206.47697
N0443,1665.7506,206.78061
N0444,1665.6843,207.91437
N0445,1665.6182,208.60814
N0446,1665.5518,208.90176
N0447,1665.4856,208.15555
N0448,1665.4193,209.36931
N0449,1665.3529,209.17293
N0450,1665.2867,209.0267
N0451,1665.2205,208.73048
N0452,1665.154,208.8641
N0453,1665.0879,208.85786
N0454,1665.0216,207.91164
N0455,1664.9553,207.85527
N0456,1664.889,206.83904
N0457,1664.8228,206.10281
N0458,1664.7566,205.53658
N0459,1664.6902,204.8602
N0460,1664.624,204.85397
N0461,1664.5577,204.50775
N0462,1664.4913,204.08138
N0463,1664.4252,204.50514
N0464,1664.3589,204.60892
N0465,1664.2927,205.23268
N0466,1664.2263,204.7463
N0467,1664.16,205.72008
N0468,1664.0983,206.20831
N0469,1664.032,205.68193
N0470,1663.9657,205.3657
N0471,1663.8995,205.41948
N0472,1663.8331,205.3831
N0473,1663.7668,205.39687
N0474,1663.7007,205.10065
N0475,1663.6344,205.03442
N0476,1663.568,204.76804
N0477,1663.5018,204.47182
N0478,1663.4355,203.85558
N0479,1663.3693,203.54921
N0480,1663.303,203.09297
N0481,1663.2367,202.93675
N0482,1663.1705,202.62051
N0483,1663.1041,202.40414
N0484,1663.038,202.02791
N0485,1662.9717,201.57169
N0486,1662.9053,201.4553
N0487,1662.8391,200.76907
N0488,1662.7728,200.31285
N0489,1662.7067,199.71663
N0490,1662.6403,199.00024
N0491,1662.574,198.11401
N0492,1662.5078,197.67778
N0493,1662.4414,196.8614
N0494,1662.3751,195.92519
N0495,1662.309,195.33896
N0496,1662.2426,195.19258
N0497,1662.1764,194.75635
N0498,1662.1101,192.82011
N0499,1662.0437,193.62375
N0500,1661.9775,193.0075
N0501,1661.9113,192.45128
N0502,1661.8448,191.5549
N0503,1661.7787,190.36868
N0504,1661.7123,189.3223
N0505,1661.6461,188.15607
N0506,1661.5798,187.13985
N0507,1661.5134,185.87347
N0508,1661.4473,184.26724
N0509,1661.3809,182.68086
N0510,1661.3146,180.82463
N0511,1661.2483,179.69826
N0512,1661.182,177.94203
N0513,1661.1158,176.68579
N0514,1661.0494,175.38942
N0515,1660.9832,175.33319
N0516,1660.917,175.92696
N0517,1660.8506,176.20059
N0518,1660.7843,177.28436
N0519,1660.718,178.89798
N0520,1660.6517,178.55176
N0521,1660.5856,179.53552
N0522,1660.5192,179.68915
N0523,1660.4529,179.60292
N0524,1660.3867,179.66669
N0525,1660.3204,179.03046
N0526,1660.254,178.69408
N0527,1660.1879,178.29785
N0528,1660.1215,176.60147
N0529,1660.0553,176.67525
N0530,1659.989,176.35902
N0531,1659.9229,175.31279
N0532,1659.8564,173.94641
N0533,1659.7902,174.22018
N0534,1659.7238,173.06381
N0535,1659.6576,172.22758
N0536,1659.5912,170.5712
N0537,1659.525,169.46498
N0538,1659.4587,168.59874
N0539,1659.3923,167.17236
N0540,1659.326,164.676
N0541,1659.2598,164.78976
N0542,1659.1935,162.83353
N0543,1659.1272,161.22716
N0544,1659.0607,160.34064
N0545,1658.9943,157.29425
N0546,1658.9279,158.94788
N0547,1658.8617,157.81165
N0548,1658.7954,157.30542
N0549,1658.729,156.50905
N0550,1658.6628,155.35281
N0551,1658.5966,155.32658
N0552,1658.5302,154.3202
N0553,1658.464,152.76398
N0554,1658.3977,152.39775
N0555,1658.3314,151.27138
N0556,1658.2651,151.55515
N0557,1658.199,150.79892
N0558,1658.1326,150.84254
N0559,1658.0663,150.4763
N0560,1658.0001,149.88008
N0561,1657.9338,149.16385
N0562,1657.8674,148.38748
N0563,1657.8013,148.19125
N0564,1657.7349,145.86487
N0565,1657.669,143.66895
N0566,1657.6025,142.55257
N0567,1657.5391,140.01901
N0568,1657.4727,136.81264
N0569,1657.4062,136.53625
N0570,1657.3401,136.88004
N0571,1657.2738,136.8538
N0572,1657.2075,136.59756
N0573,1657.141,137.42105
N0574,1657.0748,138.68481
N0575,1657.0084,139.48843
N0576,1656.9423,139.72221
N0577,1656.876,139.72598
N0578,1656.8098,139.49976
N0579,1656.7434,139.33337
N0580,1656.6771,139.06715
N0581,1656.611,137.73093
N0582,1656.5446,136.75455
N0583,1656.4783,135.32831
N0584,1656.412,134.23193
N0585,1656.3457,133.60571
N0586,1656.2794,132.81947
N0587,1656.2131,133.0231
N0588,1656.1469,133.15688
N0589,1656.0807,134.37065
N0590,1656.0143,135.62427
N0591,1655.948,137.39804
N0592,1655.8817,139.09166
N0593,1655.8153,140.99529
N0594,1655.749,142.72905
N0595,1655.6827,145.03268
N0596,1655.6165,146.43645
N0597,1655.55,147.06007
N0598,1655.4839,147.85385
N0599,1655.4176,148.89761
N0600,1655.3512,148.65125
N0601,1655.285,148.755
N0602,1655.2188,148.82878
N0603,1655.1526,148.37256
N0604,1655.0862,148.33618
N0605,1655.0199,148.04994
N0606,1654.9537,148.59372
N0607,1654.8873,148.62733
N0608,1654.8212,148.36111
N0609,1654.7549,148.87488
N0610,1654.6886,148.48866
N0611,1654.6223,148.23228
N0612,1654.556,147.83604
N0613,1654.4899,147.02982
N0614,1654.4235,146.34344
N0615,1654.3572,146.06721
N0616,1654.291,145.38098
N0617,1654.2246,144.4046
N0618,1654.1583,144.09837
N0619,1654.0922,143.49216
N0620,1654.0259,143.38593
N0621,1653.9596,143.73955
N0622,1653.8933,144.70332
N0623,1653.8271,145.35709
N0624,1653.7607,146.71071
N0625,1653.6945,147.67448
N0626,1653.628,148.87811
N0627,1653.5619,150.49188
N0628,1653.4955,151.8555
N0629,1653.4293,153.40927
N0630,1653.3629,154.0029
N0631,1653.2966,156.01666
N0632,1653.2303,156.71028
N0633,1653.164,160.41391
N0634,1653.0975,157.79753
N0635,1653.0312,157.0813
N0636,1652.9651,156.86508
N0637,1652.8987,156.3087
N0638,1652.8325,156.64247
N0639,1652.7661,154.9961
N0640,1652.6998,154.99986
N0641,1652.6337,154.69363
N0642,1652.5674,154.70741
N0643,1652.501,155.33102
N0644,1652.4348,155.72481
N0645,1652.3685,156.15857
N0646,1652.3022,155.2422
N0647,1652.236,156.31596
N0648,1652.1698,156.33974
N0649,1652.1034,155.82336
N0650,1652.0371,156.65714
N0651,1651.971,157.1409
N0652,1651.9045,158.00453
N0653,1651.8383,159.1183
N0654,1651.7721,160.40207
N0655,1651.7057,162.5457
N0656,1651.6393,164.26932
N0657,1651.573,160.33293
N0658,1651.5066,158.18655
N0659,1651.4402,155.63019
N0660,1651.3738,153.04381
N0661,1651.3076,150.55757
N0662,1651.2412,147.7512
N0663,1651.1748,146.28482
N0664,1651.1084,144.06845
N0665,1651.0422,142.37222
N0666,1650.9758,140.44585
N0667,1650.9097,139.0196
N0668,1650.8433,137.69324
N0669,1650.777,137.017
N0670,1650.7108,136.52078
N0671,1650.6444,136.6744
N0672,1650.5781,137.22816
N0673,1650.512,137.79195
N0674,1650.4456,139.95557
N0675,1650.3795,141.38948
N0676,1650.3131,143.86311
N0677,1650.2468,145.33688
N0678,1650.1805,147.7805
N0679,1650.1141,150.78412
N0680,1650.0477,152.36775
N0681,1649.9816,154.63152
N0682,1649.9152,156.39514
N0683,1649.8488,158.40877
N0684,1649.7826,160.30254
N0685,1649.7161,164.52602
N0686,1649.6497,166.97963
N0687,1649.5833,163.23326
N0688,1649.5168,160.89688
N0689,1649.4506,159.3205
N0690,1649.3843,157.33427
N0691,1649.3179,154.89789
N0692,1649.2517,153.79167
N0693,1649.1853,151.34529
N0694,1649.1189,148.80891
N0695,1649.0525,146.62253
N0696,1648.9862,143.79616
N0697,1648.9199,141.60992
N0698,1648.8535,139.62355
N0699,1648.7872,137.81717
N0700,1648.721,135.73094
N0701,1648.6545,134.26457
N0702,1648.5884,132.90834
N0703,1648.5221,132.32211
N0704,1648.4557,132.12573
N0705,1648.3895,131.9895
N0706,1648.3232,132.74327
N0707,1648.257,133.2669
N0708,1648.1907,132.78067
N0709,1648.1243,134.47429
N0710,1648.0581,134.57806
N0711,1647.9918,133.52184
N0712,1647.9254,132.36546
N0713,1647.8593,131.64923
N0714,1647.793,130.093
N0715,1647.7267,128.85663
N0716,1647.6604,128.18039
N0717,1647.594,126.71402
N0718,1647.5278,126.68779
N0719,1647.4615,125.96156
N0720,1647.3951,123.55518
N0721,1647.329,122.178955
N0722,1647.2626,120.12258
N0723,1647.1963,119.22635
N0724,1647.13,117.18997
N0725,1647.0637,116.08375
N0726,1646.9973,114.837364
N0727,1646.9312,113.741135
N0728,1646.8649,112.90491
N0729,1646.7986,112.388535
N0730,1646.7323,111.6723
N0731,1646.666,111.21607
N0732,1646.5997,108.2597
N0733,1646.5333,106.10332
N0734,1646.4669,103.54694
N0735,1646.4005,100.48057
N0736,1646.3344,98.78434
N0737,1646.268,96.17796
N0738,1646.2015,94.37158
N0739,1646.1354,92.91535
N0740,1646.069,91.098976
N0741,1646.0028,89.74275
N0742,1645.9364,88.43637
N0743,1645.8701,88.250145
N0744,1645.804,88.34392
N0745,1645.7375,89.427536
N0746,1645.6713,90.09131
N0747,1645.6051,90.91508
N0748,1645.5387,92.3587
N0749,1645.4725,92.45248
N0750,1645.4062,92.58624
N0751,1645.34,92.62002
N0752,1645.2737,92.63364
N0753,1645.2074,92.52741
N0754,1645.1412,92.43118
N0755,1645.0748,90.97481
N0756,1645.0085,90.15858
N0757,1644.9424,89.56235
N0758,1644.876,88.31597
N0759,1644.8097,88.24974
N0760,1644.7435,87.66351
N0761,1644.6771,87.13714
N0762,1644.611,86.60091
N0763,1644.5447,86.31468
N0764,1644.4783,86.4683
N0765,1644.4121,86.99207
N0766,1644.3458,87.38584
N0767,1644.2797,87.61961
N0768,1644.2133,87.57324
N0769,1644.147,89.34701
N0770,1644.0808,89.54078
N0771,1644.0144,89.9744
N0772,1643.9481,91.67818
N0773,1643.8818,90.5818
N0774,1643.8154,94.51542
N0775,1643.749,94.279045
N0776,1643.6829,94.19282
N0777,1643.6166,94.38659
N0778,1643.5502,93.63021
N0779,1643.484,92.03398
N0780,1643.4176,88.7376
N0781,1643.3513,88.041374
N0782,1643.2861,87.16619
N0783,1643.2198,85.36981
N0784,1643.1536,84.433586
N0785,1643.0874,83.52735
N0786,1643.021,82.04098
N0787,1642.9547,81.15475
N0788,1642.8885,80.57852
N0789,1642.8221,79.81214
N0790,1642.7559,78.31591
N0791,1642.6896,77.45953
N0792,1642.6233,77.20331
N0793,1642.5571,76.15708
N0794,1642.4908,75.53085
N0795,1642.4244,74.69447
N0796,1642.3583,74.358246
N0797,1642.292,73.56202
N0798,1642.2256,73.38564
N0799,1642.1594,73.23941
N0800,1642.0931,73.31318
N0801,1642.0269,73.2468
N0802,1641.9606,73.63058
N0803,1641.8943,73.64435
N0804,1641.828,74.75797
N0805,1641.7617,75.91174
N0806,1641.6956,75.83551
N0807,1641.6292,76.95914
N0808,1641.5629,77.69291
N0809,1641.4967,77.49668
N0810,1641.4303,77.930305
N0811,1641.364,79.05408
N0812,1641.2979,79.057846
N0813,1641.2316,79.32162
N0814,1641.1653,79.52524
N0815,1641.099,79.18901
N0816,1641.0326,80.77264
N0817,1640.9664,81.596405
N0818,1640.9001,82.74017
N0819,1640.8337,82.8138
N0820,1640.7676,84.41757
N0821,1640.7012,87.11119
N0822,1640.635,87.214966
N0823,1640.5686,88.78859
N0824,1640.5023,89.14236
N0825,1640.4358,93.63583
N0826,1640.3695,93.84946
N0827,1640.3031,96.723076
N0828,1640.2367,99.6767
N0829,1640.1703,101.78033
N0830,1640.1041,103.4341
N0831,1640.0377,105.837715
N0832,1639.9713,108.64134
N0833,1639.9052,110.13511
N0834,1639.8386,113.34859
N0835,1639.7723,115.202354
N0836,1639.7059,117.56598
N0837,1639.6396,119.6596
N0838,1639.5734,121.67337
N0839,1639.507,124.02699
N0840,1639.4407,125.54062
N0841,1639.3744,127.43439
N0842,1639.3079,130.99786
N0843,1639.2416,129.86163
N0844,1639.1753,128.46526
N0845,1639.109,127.72903
N0846,1639.0426,125.12265
N0847,1638.9764,124.116425
N0848,1638.91,121.500046
N0849,1638.8439,119.99382
N0850,1638.7775,118.27744
N0851,1638.711,116.39106
N0852,1638.6448,115.034836
N0853,1638.5786,114.09861
N0854,1638.5122,112.71223
N0855,1638.446,111.766
N0856,1638.3796,110.28962
N0857,1638.3134,109.02339
N0858,1638.2472,108.39716
N0859,1638.1808,107.62079
N0860,1638.1145,106.64456
N0861,1638.0483,106.36833
N0862,1637.9819,105.93195
N0863,1637.9158,105.485725
N0864,1637.8495,105.1595
N0865,1637.7833,105.65327
N0866,1637.7169,105.48689
N0867,1637.6506,105.74066
N0868,1637.5845,105.68443
N0869,1637.5181,105.898056
N0870,1637.4518,106.13183
N0871,1637.3856,106.1956
N0872,1637.3193,106.57937
N0873,1637.253,106.79299
N0874,1637.1868,107.12676
N0875,1637.1205,108.34054
N0876,1637.0542,109.12416
N0877,1636.9879,109.92793
N0878,1636.9215,111.491554
N0879,1636.8553,112.72533
N0880,1636.789,113.79895
N0881,1636.7228,116.23272
N0882,1636.6564,117.54634
N0883,1636.5901,119.21011
N0884,1636.5237,120.64374
N0885,1636.4575,122.25751
N0886,1636.3911,123.75113
N0887,1636.325,123.7349
N0888,1636.2585,125.838524
N0889,1636.1923,127.3623
N0890,1636.126,128.89592
N0891,1636.0597,129.9397
N0892,1635.9933,131.80331
N0893,1635.9269,133.39694
N0894,1635.8607,135.10071
N0895,1635.7943,136.61433
N0896,1635.7281,136.4481
N0897,1635.6619,136.58188
N0898,1635.5955,135.4955
N0899,1635.5293,133.79927
N0900,1635.4629,131.49289
N0901,1635.3966,129.84666
N0902,1635.3303,127.77029
N0903,1635.264,126.06406
N0904,1635.1976,124.08768
N0905,1635.1315,123.14145
N0906,1635.0651,121.45507
N0907,1634.9989,120.75884
N0908,1634.9325,120.03246
N0909,1634.8662,119.31624
N0910,1634.8,119.02001
N0911,1634.7338,119.41378
N0912,1634.6674,119.247406
N0913,1634.6012,119.711174
N0914,1634.5349,119.014946
N0915,1634.4686,119.61857
N0916,1634.4023,120.00234
N0917,1634.336,120.46611
N0918,1634.2698,121.299736
N0919,1634.2035,122.123505
N0920,1634.1373,123.667274
N0921,1634.0709,125.0709
N0922,1634.0046,126.08467
N0923,1633.9384,128.71829
N0924,1633.872,130.37192
N0925,1633.8057,132.18568
N0926,1633.7393,134.27931
N0927,1633.673,137.27293
N0928,1633.6066,139.14656
N0929,1633.5402,142.09018
N0930,1633.4738,145.6338
N0931,1633.4071,150.32713
N0932,1633.3407,154.16075
N0933,1633.2744,153.79437
N0934,1633.2076,147.3577
N0935,1633.1411,143.93117
N0936,1633.0758,141.97583
N0937,1633.0096,140.14961
N0938,1632.9432,138.37323
N0939,1632.877,136.977
N0940,1632.8107,135.63063
N0941,1632.7444,134.7544
N0942,1632.678,134.00801
N0943,1632.6118,134.3718
N0944,1632.5455,134.67557
N0945,1632.4791,136.66919
N0946,1632.413,137.11296
N0947,1632.3466,138.31657
N0948,1632.2804,140.09035
N0949,1632.214,141.56396
N0950,1632.1477,143.16774
N0951,1632.0814,145.46136
N0952,1632.0151,147.04514
N0953,1631.9487,149.04877
N0954,1631.8823,150.28238
N0955,1631.8162,149.38615
N0956,1631.7499,148.18993
N0957,1631.6836,146.38354
N0958,1631.6173,145.29732
N0959,1631.5509,144.47095
N0960,1631.4847,144.51471
N0961,1631.4185,144.06848
N0962,1631.3523,143.79225
N0963,1631.2859,145.06587
N0964,1631.2196,145.28966
N0965,1631.1533,146.82327
N0966,1631.087,148.69705
N0967,1631.0206,149.71066
N0968,1630.9543,152.0443
N0969,1630.8881,154.08806
N0970,1630.8217,156.18169
N0971,1630.7555,155.34546
N0972,1630.6891,153.30908
N0973,1630.6228,151.77284
N0974,1630.5565,149.60648
N0975,1630.4901,147.0501
N0976,1630.4238,146.31387
N0977,1630.3575,143.54749
N0978,1630.2911,142.23111
N0979,1630.2249,141.60489
N0980,1630.1587,141.06865
N0981,1630.0924,140.47243
N0982,1630.026,140.40605
N0983,1629.9598,139.21982
N0984,1629.8936,139.08359
N0985,1629.8273,139.63722
N0986,1629.761,138.38098
N0987,1629.6947,139.17476
N0988,1629.6284,139.74838
N0989,1629.5621,140.60216
N0990,1629.496,141.78592
N0991,1629.4296,142.46954
N0992,1629.3633,143.46332
N0993,1629.297,146.02695
N0994,1629.2307,145.60071
N0995,1629.1643,146.80434
N0996,1629.0981,146.8381
N0997,1629.0319,145.35188
N0998,1628.9655,144.3755
N0999,1628.8993,143.10927
N1000,1628.8329,142.3129
N1001,1628.7667,141.76666
N1002,1628.7004,141.25044
N1003,1628.6342,141.4342
N1004,1628.5679,142.05783
N1005,1628.5016,142.6216
N1006,1628.4354,142.10538
N1007,1628.369,142.13899
N1008,1628.3027,142.51277
N1009,1628.2366,141.49654
N1010,1628.1702,141.44016
N1011,1628.1039,140.97394
N1012,1628.0377,140.6777
N1013,1627.9714,141.36148
N1014,1627.9052,141.3851
N1015,1627.8389,141.59888
N1016,1627.7726,142.43265
N1017,1627.7063,143.76627
N1018,1627.6401,144.45018
N1019,1627.574,144.56395
N1020,1627.5076,146.44759
N1021,1627.4414,148.26135
N1022,1627.375,149.76497
N1023,1627.3087,151.83875
N1024,1627.2423,154.34236
N1025,1627.176,156.866
N1026,1627.1096,158.2996
N1027,1627.0432,161.32324
N1028,1626.9768,164.06686
N1029,1626.9103,168.29033
N1030,1626.844,170.91396
N1031,1626.7775,175.95743
N1032,1626.711,174.44106
N1033,1626.6447,170.54468
N1034,1626.5782,168.1183
N1035,1626.512,165.49191
N1036,1626.4454,161.1254
N1037,1626.3789,157.22887
N1038,1626.3125,153.34248
N1039,1626.246,149.24596
N1040,1626.1796,145.61958
N1041,1626.1132,143.20322
N1042,1626.0469,139.84683
N1043,1625.9803,136.3703
N1044,1625.9141,136.16408
N1045,1625.8477,134.1077
N1046,1625.7815,132.01147
N1047,1625.7151,129.73509
N1048,1625.6489,129.50887
N1049,1625.5825,128.20248
N1050,1625.5162,127.74626
N1051,1625.4501,127.88003
N1052,1625.3837,127.74365
N1053,1625.3174,128.72743
N1054,1625.2512,129.9112
N1055,1625.1848,129.94482
N1056,1625.1185,131.03859
N1057,1625.0524,131.24236
N1058,1624.986,132.88599
N1059,1624.9198,134.58975
N1060,1624.8534,135.10338
N1061,1624.7871,135.71715
N1062,1624.721,135.06093
N1063,1624.6545,135.85454
N1064,1624.5883,136.41832
N1065,1624.522,137.96194
N1066,1624.4557,138.80571
N1067,1624.3895,139.65948
N1068,1624.3231,139.5031
N1069,1624.2568,140.80687
N1070,1624.1906,142.8205
N1071,1624.1243,141.76427
N1072,1624.0579,143.2379
N1073,1623.9917,143.61166
N1074,1623.9254,143.77544
N1075,1623.8593,144.23921
N1076,1623.7928,144.45284
N1077,1623.7266,145.4566
N1078,1623.6604,144.97037
N1079,1623.594,144.484
N1080,1623.5277,145.59776
N1081,1623.4614,143.55139
N1082,1623.3951,140.77516
N1083,1623.3287,139.02878
N1084,1623.2625,135.44241
N1085,1623.196,134.52603
N1086,1623.1296,131.51965
N1087,1623.0632,128.36328
N1088,1622.9971,127.58704
N1089,1622.9307,125.62067
N1090,1622.8644,124.26444
N1091,1622.7981,122.67806
N1092,1622.7318,121.76183
N1093,1622.6654,121.20546
N1094,1622.5992,120.00923
N1095,1622.533,119.513
N1096,1622.4667,119.35662
N1097,1622.4004,119.210396
N1098,1622.3341,118.354164
N1099,1622.268,118.617935
N1100,1622.2015,117.571556
N1101,1622.1354,116.14533
N1102,1622.069,116.29895
N1103,1622.0027,114.652725
N1104,1621.9364,113.136345
N1105,1621.8701,113.30012
N1106,1621.8038,112.09389
N1107,1621.7377,111.51766
N1108,1621.6713,111.04128
N1109,1621.6051,111.21506
N1110,1621.5388,111.48883
N1111,1621.4724,112.28245
N1112,1621.4062,112.606224
N1113,1621.34,113.49999
N1114,1621.2736,114.41361
N1115,1621.2074,115.367386
N1116,1621.1411,115.49116
N1117,1621.0748,114.95478
N1118,1621.0085,113.54855
N1119,1620.9421,111.23218
N1120,1620.876,110.295944
N1121,1620.8096,108.53957
N1122,1620.7433,106.45334
N1123,1620.677,104.84696
N1124,1620.6107,103.510735
N1125,1620.5443,102.06436
N1126,1620.4781,101.47813
N1127,1620.4119,100.561905
N1128,1620.3456,99.78552
N1129,1620.2793,99.61929
N1130,1620.213,99.52306
N1131,1620.1467,99.13669
N1132,1620.0804,98.73046
N1133,1620.0143,97.794235
N1134,1619.9479,96.387856
N1135,1619.8816,95.38163
N1136,1619.815,89.624954
N1137,1619.7488,89.46872
N1138,1619.6819,83.0019
N1139,1619.6155,82.96552
N1140,1619.549,78.298996
N1141,1619.4827,75.48262
N1142,1619.4163,72.93624
N1143,1619.35,72.58001
N1144,1619.2838,72.34378
N1145,1619.2174,72.1274
N1146,1619.1511,72.01118
N1147,1619.085,71.18495
N1148,1619.0187,71.39872
N1149,1618.9524,71.692345
N1150,1618.8861,71.01611
N1151,1618.82,70.50989
N1152,1618.7535,70.76351
N1153,1618.6873,71.41728
N1154,1618.6211,71.38105
N1155,1618.5547,73.44467
N1156,1618.4884,74.80845
N1157,1618.4221,73.422066
N1158,1618.3558,72.28584
N1159,1618.2894,72.26946
N1160,1618.2233,72.44324
N1161,1618.157,72.63701
N1162,1618.0908,72.480774
N1163,1618.0244,73.1844
N1164,1617.9581,72.83817
N1165,1617.892,74.29195
N1166,1617.8256,76.63557
N1167,1617.7592,78.13919
N1168,1617.693,77.98296
N1169,1617.6266,80.89658
N1170,1617.5602,82.76021
N1171,1617.494,83.223976
N1172,1617.4277,83.977745
N1173,1617.3613,83.44137
N1174,1617.2952,82.52514
N1175,1617.2288,80.578766
N1176,1617.1626,79.762535
N1177,1617.0962,78.10616
N1178,1617.0299,76.88993
N1179,1616.9637,75.6837
N1180,1616.8973,74.63732
N1181,1616.831,72.4311
N1182,1616.7648,71.34472
N1183,1616.6984,69.07834
N1184,1616.6321,69.542114
N1185,1770.9563,209.31631
N1186,1770.9252,208.8452
N1187,1770.8939,207.88396
N1188,1770.8628,207.18285
N1189,1770.8315,206.2816
N1190,1770.8005,205.4305
N1191,1770.7694,204.98938
N1192,1770.7382,204.34813
N1193,1770.707,204.16702
N1194,1770.6759,203.47592
N1195,1770.6447,202.87466
N1196,1770.6135,202.15356
N1197,1770.5823,200.9723
N1198,1770.5511,201.1112
N1199,1770.5201,200.2401
N1200,1770.4889,199.37885
N1201,1770.4578,199.62773
N1202,1770.4265,198.83649
N1203,1770.3954,198.05537
N1204,1770.3643,197.11427
N1205,1770.333,197.08302
N1206,1770.3019,195.92192
N1207,1770.2706,195.26067
N1208,1770.2395,194.15956
N1209,1770.2085,194.12845
N1210,1770.1772,192.8572
N1211,1770.1461,192.36609
N1212,1770.1149,191.60484
N1213,1770.0837,191.57373
N1214,1770.0525,190.56248
N1215,1770.0214,190.20137
N1216,1769.9902,189.29027
N1217,1769.959,188.55902
N1218,1769.9279,188.3979
N1219,1769.8969,188.1768
N1220,1769.8657,188.1057
N1221,1769.8345,187.69444
N1222,1769.8033,187.77335
N1223,1769.7722,187.72223
N1224,1769.7411,187.92113
N1225,1769.7098,188.02988
N1226,1769.6787,188.02878
N1227,1769.6477,188.08766
N1228,1769.6166,188.25656
N1229,1769.5853,188.47531
N1230,1769.5542,188.59421
N1231,1769.5231,188.68309
N1232,1769.4918,188.46184
N1233,1769.462,188.35208
N1234,1769.431,188.70097
N1235,1769.3997,188.98972
N1236,1769.3687,189.2286
N1237,1769.3375,189.3775
N1238,1769.3064,189.6064
N1239,1769.2751,190.26515
N1240,1769.244,190.37404
N1241,1769.2129,190.53294
N1242,1769.1816,191.08168
N1243,1769.1506,191.29057
N1244,1769.1195,191.80948
N1245,1769.0883,192.07822
N1246,1769.0571,192.34712
N1247,1769.026,192.63602
N1248,1768.9949,192.9749
N1249,1768.9636,193.50365
N1250,1768.9325,193.74255
N1251,1768.9015,194.09145
N1252,1768.8702,194.61018
N1253,1768.8391,194.84909
N1254,1768.808,195.48798
N1255,1768.7769,195.70688
N1256,1768.7456,196.38562
N1257,1768.7145,197.05452
N1258,1768.6832,197.62326
N1259,1768.6521,198.36215
N1260,1768.6211,198.82104
N1261,1768.5898,199.9498
N1262,1768.5587,199.91869
N1263,1768.5275,201.02744
N1264,1768.4963,202.22633
N1265,1768.4651,203.12508
N1266,1768.434,203.09398
N1267,1768.4027,204.03271
N1268,1768.3716,205.42162
N1269,1768.3403,205.21036
N1270,1768.3092,205.39926
N1271,1768.2782,205.39815
N1272,1768.2471,205.41704
N1273,1768.2158,204.9258
N1274,1768.1847,205.09468
N1275,1768.1536,205.02357
N1276,1768.1223,204.30232
N1277,1768.0912,204.25122
N1278,1768.06,203.07011
N1279,1768.0288,201.69887
N1280,1767.9978,201.66776
N1281,1767.9666,200.0565
N1282,1767.9353,199.34525
N1283,1767.9042,199.31415
N1284,1767.873,198.32304
N1285,1767.8418,197.50179
N1286,1767.8107,197.80067
N1287,1767.7795,197.01958
N1288,1767.7483,196.09833
N1289,1767.7172,196.06721
N1290,1767.6862,195.8061
N1291,1767.6549,195.41486
N1292,1767.6238,195.21375
N1293,1767.5927,194.92265
N1294,1767.5615,195.11154
N1295,1767.5303,195.08029
N1296,1767.4991,195.08919
N1297,1767.468,195.05807
N1298,1767.437,194.94698
N1299,1767.4058,195.11572
N1300,1767.3746,195.08461
N1301,1767.3435,195.3135
N1302,1767.3123,195.19226
N1303,1767.2811,195.16115
N1304,1767.25,195.03004
N1305,1767.219,194.44894
N1306,1767.1877,194.41768
N1307,1767.1566,193.97658
N1308,1767.1255,193.68547
N1309,1767.0942,193.03423
N1310,1767.0631,193.00311
N1311,1767.032,192.55202
N1312,1767.0009,192.2409
N1313,1766.9696,192.20966
N1314,1766.9386,191.51855
N1315,1766.9075,191.07744
N1316,1766.8763,191.04634
N1317,1766.8451,191.08508
N1318,1766.814,190.93398
N1319,1766.7828,190.59288
N1320,1766.7516,191.20161
N1321,1766.7205,190.93051
N1322,1766.6895,191.00941
N1323,1766.6583,191.26831
N1324,1766.6271,191.23705
N1325,1766.596,191.30594
N1326,1766.5648,191.50484
N1327,1766.5337,191.14374
N1328,1766.5024,190.88248
N1329,1766.4714,190.77138
N1330,1766.4403,190.67027
N1331,1766.409,189.95901
N1332,1766.3779,188.70792
N1333,1766.3468,188.6768
N1334,1766.3154,186.7754
N1335,1766.2843,185.27429
N1336,1766.253,185.03305
N1337,1766.2219,183.73193
N1338,1766.1907,182.43068
N1339,1766.1595,181.63959
N1340,1766.1283,180.47833
N1341,1766.0972,180.44722
N1342,1766.0659,179.56596
N1343,1766.0349,179.53487
N1344,1766.0038,178.80376
N1345,1765.9725,178.49251
N1346,1765.9414,178.0414
N1347,1765.9103,178.0103
N1348,1765.8792,177.6292
N1349,1765.8479,177.59793
N1350,1765.8168,177.65683
N1351,1765.7858,177.76573
N1352,1765.7546,177.48462
N1353,1765.7234,176.61337
N1354,1765.6923,177.17226
N1355,1765.6611,177.54115
N1356,1765.6299,176.7599
N1357,1765.5988,176.7888
N1358,1765.5677,177.01768
N1359,1765.5365,175.88644
N1360,1765.5054,176.43533
N1361,1765.4741,177.06409
N1362,1765.443,175.69298
N1363,1765.4117,176.76172
N1364,1765.3806,176.01062
N1365,1765.3494,175.96936
N1366,1765.3182,175.94826
N1367,1765.2871,175.56715
N1368,1765.2561,175.95604
N1369,1765.2247,175.00479
N1370,1765.1937,175.6137
N1371,1765.1626,175.70258
N1372,1765.1313,175.88133
N1373,1765.1002,176.81023
N1374,1765.0691,176.74911
N1375,1765.0378,177.67786
N1376,1765.0067,177.71677
N1377,1764.9755,178.5155
N1378,1764.9445,179.7044
N1379,1764.913,181.773
N1380,1764.8818,180.50189
N1381,1764.8506,179.06064
N1382,1764.8196,178.27953
N1383,1764.7883,178.48828
N1384,1764.7572,177.29718
N1385,1764.726,176.35593
N1386,1764.6948,176.35481
N1387,1764.6637,175.40372
N1388,1764.6324,174.39246
N1389,1764.6013,174.68135
N1390,1764.5702,174.27025
N1391,1764.539,173.659
N1392,1764.5079,174.00789
N1393,1764.4768,174.24678
N1394,1764.4456,173.77553
N1395,1764.4144,173.96442
N1396,1764.3833,174.15332
N1397,1764.3522,174.70221
N1398,1764.3209,175.17096
N1399,1764.2898,174.63985
N1400,1764.2585,175.5886
N1401,1764.2275,175.98749
N1402,1764.1964,176.0564
N1403,1764.1652,177.70514
N1404,1764.1339,177.07388
N1405,1764.1028,177.02278
N1406,1764.0717,178.18167
N1407,1764.0404,178.12042
N1408,1764.0093,179.11931
N1409,1763.978,180.21806
N1410,1763.9469,180.58696
N1411,1763.9159,181.20586
N1412,1763.8846,181.59459
N1413,1763.8534,183.24335
N1414,1763.8223,183.82224
N1415,1763.791,185.04099
N1416,1763.7599,186.28987
N1417,1763.7286,186.60863
N1418,1763.6974,188.38737
N1419,1763.6661,186.96611
N1420,1763.635,187.035
N1421,1763.6039,185.94391
N1422,1763.5726,184.97266
N1423,1763.5415,185.06154
N1424,1763.5103,184.0203
N1425,1763.4792,185.24919
N1426,1763.4479,184.56793
N1427,1763.4169,184.07683
N1428,1763.3857,184.44572
N1429,1763.3545,183.67447
N1430,1763.3234,184.60336
N1431,1763.2921,183.82211
N1432,1763.261,184.41101
N1433,1763.2299,183.6499
N1434,1763.1986,184.69864
N1435,1763.1675,184.83754
N1436,1763.1365,185.26643
N1437,1763.1052,185.73518
N1438,1763.0741,186.06407
N1439,1763.043,186.55298
N1440,1763.0117,186.77171
N1441,1762.9806,187.13062
N1442,1762.9495,187.24951
N1443,1762.9185,187.3784
N1444,1762.8872,188.11714
N1445,1762.8561,188.60605
N1446,1762.8248,189.23479
N1447,1762.7937,189.99368
N1448,1762.7625,191.01244
N1449,1762.7313,190.93132
N1450,1762.7001,192.56007
N1451,1762.669,193.01897
N1452,1762.6377,194.2277
N1453,1762.6066,195.0366
N1454,1762.5753,196.13536
N1455,1762.5441,197.4741
N1456,1762.513,198.78299
N1457,1762.4817,200.33174
N1458,1762.4504,200.31049
N1459,1762.4194,200.84938
N1460,1762.388,198.00798
N1461,1762.3567,197.19673
N1462,1762.3256,196.45563
N1463,1762.2946,196.65451
N1464,1762.2633,196.83327
N1465,1762.2322,196.35216
N1466,1762.2008,193.96075
N1467,1762.1697,194.15965
N1468,1762.1385,193.19855
N1469,1762.1073,192.24728
N1470,1762.0762,191.77618
N1471,1762.0449,190.72493
N1472,1762.0138,191.89383
N1473,1761.9825,190.25258
N1474,1761.9513,189.95132
N1475,1761.9202,188.9602
N1476,1761.8892,188.3591
N1477,1761.8579,187.78786
N1478,1761.8268,187.92674
N1479,1761.7957,187.82564
N1480,1761.7644,186.8944
N1481,1761.7332,188.90314
N1482,1761.7018,186.65173
N1483,1761.6707,187.27063
N1484,1761.6394,185.53937
N1485,1761.6083,185.54826
N1486,1761.5771,185.37717
N1487,1761.5459,185.5359
N1488,1761.5148,184.1548
N1489,1761.4834,186.24341
N1490,1761.4523,186.0123
N1491,1761.421,186.86104
N1492,1761.3899,186.12994
N1493,1761.3586,184.87868
N1494,1761.3276,183.86758
N1495,1761.2963,182.17633
N1496,1761.265,181.11507
N1497,1761.234,180.07396
N1498,1761.2028,180.53271
N1499,1761.1716,180.37161
N1500,1761.1405,180.52051
N1501,1761.1094,180.5594
N1502,1761.0781,179.69814
N1503,1761.0469,177.79689
N1504,1761.0156,176.74564
N1505,1760.9845,175.13454
N1506,1760.9532,173.45328
N1507,1760.922,172.07202
N1508,1760.8906,169.84062
N1509,1760.8595,168.6195
N1510,1760.8282,167.43826
N1511,1760.7969,164.64685
N1512,1760.7656,166.0856
N1513,1760.7344,164.80435
N1514,1760.7032,164.34325
N1515,1760.6721,163.63214
N1516,1760.6409,162.67088
N1517,1760.6097,162.30978
N1518,1760.5787,161.64868
N1519,1760.5474,161.22742
N1520,1760.5164,160.65631
N1521,1760.4852,160.2252
N1522,1760.4536,159.85365
N1523,1760.4226,160.17256
N1524,1760.3915,160.04144
N1525,1760.3602,159.9702
N1526,1760.3291,159.6191
N1527,1760.298,159.59799
N1528,1760.2681,158.81807
N1529,1760.2368,157.43681
N1530,1760.2057,157.32571
N1531,1760.1744,155.77446
N1532,1760.1432,155.0932
N1533,1760.112,154.3621
N1534,1760.0808,153.46085
N1535,1760.0497,152.87975
N1536,1760.0184,151.56848
N1537,1759.9874,151.01738
N1538,1759.9563,149.98628
N1539,1759.925,149.59502
N1540,1759.8939,148.82391
N1541,1759.8628,148.47281
N1542,1759.8315,147.57156
N1543,1759.8004,147.63045
N1544,1759.7694,147.19934
N1545,1759.738,145.9381
N1546,1759.707,145.107
N1547,1759.6754,143.45544
N1548,1759.6443,143.54433
N1549,1759.6129,141.74294
N1550,1759.5817,139.68167
N1551,1759.5504,138.26042
N1552,1759.5193,136.79932
N1553,1759.488,136.03807
N1554,1759.4569,134.74696
N1555,1759.4255,132.42555
N1556,1759.3943,131.2243
N1557,1759.363,129.44305
N1558,1759.3318,127.31179
N1559,1759.3005,126.10054
N1560,1759.2694,124.639435
N1561,1759.2382,123.72818
N1562,1759.2069,122.16692
N1563,1759.1758,121.56582
N1564,1759.1445,120.38457
N1565,1759.1134,119.52346
N1566,1759.0822,118.50221
N1567,1759.0511,118.211105
N1568,1759.0199,117.16985
N1569,1758.9888,117.13875
N1570,1758.9576,116.26764
N1571,1758.9264,115.49638
N1572,1758.8953,115.455284
N1573,1758.8641,114.91418
N1574,1758.8329,114.332924
N1575,1758.8018,113.95182
N1576,1758.7708,113.71071
N1577,1758.7396,113.399605
N1578,1758.7084,112.71835
N1579,1758.6772,112.44725
N1580,1758.6461,111.76614
N1581,1758.6149,112.04489
N1582,1758.5837,111.583786
N1583,1758.5527,111.04268
N1584,1758.5215,110.671425
N1585,1758.4904,110.12032
N1586,1758.4592,109.36922
N1587,1758.4281,109.45811
N1588,1758.3969,109.17686
N1589,1758.3657,108.54575
N1590,1758.3346,108.074646
N1591,1758.3033,107.95339
N1592,1758.2723,107.522285
N1593,1758.2412,107.13118
N1594,1758.2101,106.61008
N1595,1758.1788,106.37882
N1596,1758.1477,106.09772
N1597,1758.1166,105.576614
N1598,1758.0853,105.15536
N1599,1758.0541,104.2841
N1600,1758.023,102.893
N1601,1757.9917,102.72175
N1602,1757.9607,102.08064
N1603,1757.9294,100.84939
N1604,1757.8983,99.99828
N1605,1757.8672,99.35718
N1606,1757.8359,98.92592
N1607,1757.8048,98.71482
N1608,1757.7737,97.893715
N1609,1757.7424,97.19246
N1610,1757.7112,95.54121
N1611,1757.68,95.2601
N1612,1757.649,94.379
N1613,1757.6178,93.32774
N1614,1757.5867,92.97664
N1615,1757.5554,91.86538
N1616,1757.5243,91.56428
N1617,1757.493,90.74302
N1618,1757.4619,89.66192
N1619,1757.4307,88.78066
N1620,1757.3995,87.86956
N1621,1757.3683,87.0483
N1622,1757.3372,86.5572
N1623,1757.3062,85.6161
N1624,1757.2748,84.72484
N1625,1757.2438,84.29373
N1626,1757.2125,83.44248
N1627,1757.1814,82.45138
N1628,1757.1503,82.06027
N1629,1757.119,81.53902
N1630,1757.0879,80.57791
N1631,1757.0566,79.60666
N1632,1757.0255,79.21555
N1633,1756.9945,78.134445
N1634,1756.9631,77.8232
N1635,1756.9321,77.09209
N1636,1756.901,76.42098
N1637,1756.8698,75.88973
N1638,1756.8386,75.458626
N1639,1756.8074,74.61737
N1640,1756.7762,73.476265
N1641,1756.7516,72.69156
N1642,1756.7205,73.85046
N1643,1756.6893,73.79935
N1644,1756.6581,73.9181
N1645,1756.6268,72.366844
N1646,1756.5957,73.035736
N1647,1756.5646,72.204636
N1648,1756.5333,73.343376
N1649,1756.5023,73.182274
N1650,1756.4711,72.98102
N1651,1756.4396,73.049614
N1652,1756.4086,72.74851
N1653,1756.3772,73.187256
N1654,1756.346,71.55601
N1655,1756.315,72.5049
N1656,1756.2838,72.263794
N1657,1756.2526,73.08254
N1658,1756.2213,71.57129
N1659,1756.1902,72.08018
N1660,1756.159,72.629074
N1661,1756.1278,71.94782
N1662,1756.0967,71.73672
N1663,1756.0656,71.255615
N1664,1756.0343,70.674355
N1665,1756.0033,70.53326
N1666,1755.9722,70.252144
N1667,1755.941,69.81104
N1668,1755.9098,69.73979
N1669,1755.8787,69.808685
N1670,1755.8474,68.13743
N1671,1755.8163,68.06632
N1672,1755.785,67.55507
N1673,1755.7539,66.94396
N1674,1755.7229,66.67286
N1675,1755.6918,66.26176
N1676,1755.6605,65.7305
N1677,1755.6294,65.3694
N1678,1755.5983,64.78829
N1679,1755.567,64.62704
N1680,1755.5359,64.01593
N1681,1755.5049,63.724827
N1682,1755.4736,63.203575
N1683,1755.4425,62.52247
N1684,1755.4114,62.25136
N1685,1755.3801,61.77011
N1686,1755.349,60.989006
N1687,1755.3179,60.977898
N1688,1755.2867,60.826794
N1689,1755.2555,60.48554
N1690,1755.2245,60.234436
N1691,1755.1934,59.71333
N1692,1755.1621,59.412075
N1693,1755.131,59.140972
N1694,1755.0999,58.989864
N1695,1755.0687,58.65876
N1696,1755.0375,58.897507
N1697,1755.0063,58.726402
N1698,1754.9753,58.7353
N1699,1754.9442,58.42419
N1700,1754.913,58.522938
N1701,1754.8818,58.741833
N1702,1754.8507,58.73073
N1703,1754.8196,58.789623
N1704,1754.7883,59.18837
N1705,1754.7573,59.167263
N1706,1754.726,60.21601
N1707,1754.695,59.914906
N1708,1754.6638,60.3038
N1709,1754.6327,60.422695
N1710,1754.6014,60.89144
N1711,1754.5703,61.260334
N1712,1754.5392,61.67923
N1713,1754.5079,61.917976
N1714,1754.4769,62.56687
N1715,1754.4458,63.035767
N1716,1754.4146,63.324512
N1717,1754.3834,64.24341
N1718,1754.3523,64.4423
N1719,1754.321,65.111046
N1720,1754.2899,65.28994
N1721,1754.2588,65.98884
N1722,1754.2275,66.02759
N1723,1754.1965,66.65648
N1724,1754.1654,67.205376
N1725,1754.1343,67.21427
N1726,1754.103,67.793015
N1727,1754.0719,67.97191
N1728,1754.0415,68.05155
N1729,1754.0105,68.510445
N1730,1753.9792,68.54919
N1731,1753.9481,68.25809
N1732,1753.917,68.56698
N1733,1753.8857,68.90572
N1734,1753.8546,68.974625
N1735,1753.8235,68.76352
N1736,1753.7924,69.162415
N1737,1753.7611,68.99116
N1738,1753.7301,68.970055
N1739,1753.6991,68.659096
N1740,1753.668,68.787994
N1741,1753.6367,68.33674
N1742,1753.6056,68.58563
N1743,1753.5746,67.974525
N1744,1753.5432,67.92327
N1745,1753.5122,67.62217
N1746,1753.4811,67.451065
N1747,1753.45,67.30996
N1748,1753.4187,67.0587
N1749,1753.3876,66.957596
N1750,1753.3564,66.0965
N1751,1753.3252,66.14524
N1752,1753.2942,66.22414
N1753,1753.2631,66.01303
N1754,1753.2319,65.91193
N1755,1753.2007,65.60067
N1756,1753.1696,65.179565
N1757,1753.1384,65.07846
N1758,1753.1073,64.81735
N1759,1753.076,64.4961
N1760,1753.045,63.784996
N1761,1753.0139,63.633892
N1762,1752.9827,63.80264
N1763,1752.9515,63.86153
N1764,1752.9204,63.350426
N1765,1752.8893,63.15932
N1766,1752.858,63.31807
N1767,1752.8269,63.196964
N1768,1752.7959,63.14586
N1769,1752.7648,63.08475
N1770,1752.7335,63.2935
N1771,1752.7024,63.562393
N1772,1752.6713,63.59129
N1773,1752.64,64.200035
N1774,1752.6089,64.16893
N1775,1752.5779,64.347824
N1776,1752.5466,64.88657
N1777,1752.5156,64.365616
N1778,1752.4845,65.05451
N1779,1752.4534,65.02341
N1780,1752.4221,65.442154
N1781,1752.391,65.41105
N1782,1752.36,66.10994
N1783,1752.3287,66.29868
N1784,1752.2976,67.41758
N1785,1752.2664,67.796326
N1786,1752.2352,67.41522
N1787,1752.204,69.063965
N1788,1752.1729,70.12286
N1789,1752.1416,70.44161
N1790,1752.1105,71.510506
N1791,1752.0792,72.41925
N1792,1752.048,73.908
N1793,1752.0168,74.44689
N1794,1751.9855,76.80549
N1795,1751.9543,76.77438
N1796,1751.9227,80.752686
N1797,1751.8915,80.93143
N1798,1751.8599,84.45988
N1799,1751.8287,84.368774
N1800,1751.7975,84.33752
N1801,1751.7654,89.56537
N1802,1751.7343,89.52427
N1803,1751.703,89.833015
N1804,1751.6719,90.61191
N1805,1751.6407,90.5808
N1806,1751.6095,91.049545
N1807,1751.5785,92.078445
N1808,1751.5474,92.04734
N1809,1751.5161,92.246086
N1810,1751.4849,94.04483
N1811,1751.4537,93.16373
N1812,1751.4225,94.512474
N1813,1751.3911,96.73107
N1814,1751.36,97.88996
N1815,1751.3284,99.648415
N1816,1751.2971,101.147156
N1817,1751.2659,99.8159
N1818,1751.2346,98.09465
N1819,1751.2034,95.5834
N1820,1751.1721,95.502144
N1821,1751.1407,92.40074
N1822,1751.1095,91.74949
N1823,1751.0782,90.11823
N1824,1751.0469,87.34683
N1825,1751.0157,88.47572
N1826,1750.9845,89.14447
N1827,1750.9534,89.393364
N1828,1750.9222,88.89226
N1829,1750.891,89.51101
N1830,1750.8599,90.479904
N1831,1750.8285,88.3885
N1832,1750.7972,90.73724
N1833,1750.7667,89.536736
N1834,1750.7355,91.22548
N1835,1750.7042,93.26423
N1836,1750.673,93.66297
N1837,1750.6411,97.97112
N1838,1750.6096,94.87957
N1839,1750.5773,89.92728
N1840,1750.5459,86.99587
N1841,1750.5145,84.96447
N1842,1750.4829,81.77292
N1843,1750.4518,81.27181
N1844,1750.4199,77.13997
N1845,1750.3887,74.64871
N1846,1750.3572,71.88716
N1847,1750.326,71.85606
N1848,1750.2942,67.264206
N1849,1750.2628,64.9128
N1850,1750.2314,64.2914
N1851,1750.2002,62.340145
N1852,1750.1687,60.358746
N1853,1750.1375,57.99749
N1854,1750.1062,57.316235
N1855,1750.0757,57.305725
N1856,1750.0447,56.81462
N1857,1750.0134,55.953365
N1858,1749.9823,55.60226
N1859,1749.9512,55.541157
N1860,1749.92,55.550053
N1861,1749.8888,55.048798
N1862,1749.858,54.92799
N1863,1749.8269,54.896885
N1864,1749.7957,55.18563
N1865,1749.7645,54.794525
N1866,1749.7334,55.093422
N1867,1749.7021,54.42217
N1868,1749.671,54.401062
N1869,1749.64,54.26996
N1870,1749.6089,54.108852
N1871,1749.5776,54.2276
N1872,1749.5465,53.796494
N1873,1749.5154,53.725388
N1874,1749.4843,53.594284
N1875,1749.453,53.22303
N1876,1749.4221,52.50207
N1877,1749.391,52.120968
N1878,1749.3597,52.089714
N1879,1749.3286,51.78861
N1880,1749.2975,51.577503
N1881,1749.2662,50.52625
N1882,1749.2351,50.555145
N1883,1749.204,50.27404
N1884,1749.1731,49.593082
N1885,1749.1418,49.29183
N1886,1749.1107,48.680725
N1887,1749.0796,47.76962
N1888,1749.0482,47.518215
N1889,1749.017,47.296963
N1890,1748.9858,46.955856
N1891,1748.9547,46.774754
N1892,1748.9237,46.74365
N1893,1748.8923,45.392395
N1894,1748.8613,44.761288
N1895,1748.8302,44.610184
N1896,1748.7991,44.249077
N1897,1748.7678,43.137825
N1898,1748.7366,42.056572
N1899,1748.7054,41.125465
N1900,1748.6742,40.224213
N1901,1748.6431,40.003105
N1902,1748.612,39.432003
N1903,1748.5806,39.030598
N1904,1748.5494,38.779495
N1905,1748.518,38.55794
N1906,1748.4868,38.44684
N1907,1748.4557,38.595734
N1908,1748.4242,39.36418
N1909,1748.393,40.322926
N1910,1748.3618,40.34182
N1911,1748.3307,41.610718
N1912,1748.2994,41.489464
N1913,1748.2683,42.68836
N1914,1748.237,42.657104
N1915,1748.2062,43.14615
N1916,1748.1749,44.054893
N1917,1748.1438,44.31379
N1918,1748.1125,45.472534
N1919,1748.0814,45.69143
N1920,1748.0502,46.520176
N1921,1748.019,47.10907
N1922,1747.9879,47.597965
N1923,1747.9567,48.13671
N1924,1747.9257,48.805607
N1925,1747.8945,49.4145
N1926,1747.8633,49.953247
N1927,1747.8322,50.092144
N1928,1747.801,50.86104
N1929,1747.7698,51.329784
N1930,1747.7386,51.718678
N1931,1747.7075,51.98757
N1932,1747.6763,51.616318
N1933,1747.6453,51.585213
N1934,1747.614,53.28396
N1935,1747.5829,53.622856
N1936,1747.5518,54.12175
N1937,1747.5205,54.430496
N1938,1747.4893,54.399242
N1939,1747.4581,54.698135
N1940,1747.427,54.807034
N1941,1747.3959,55.075928
N1942,1747.3646,54.844673
N1943,1747.3336,55.703568
N1944,1747.3024,54.632313
N1945,1747.2712,55.43121
N1946,1747.2401,55.830105
N1947,1747.209,55.819
N1948,1747.1777,55.987743
N1949,1747.1466,56.47664
N1950,1747.1155,56.365536
N1951,1747.0845,56.36443
N1952,1747.0532,56.553177
N1953,1747.0221,56.52207
N1954,1746.991,56.640965
N1955,1746.9598,56.50986
N1956,1746.9286,56.528606
N1957,1746.8975,56.6375
N1958,1746.8665,57.416397
N1959,1746.8351,57.385143
N1960,1746.8041,57.824036
N1961,1746.773,57.79293
N1962,1746.7417,57.801678
N1963,1746.7106,58.030575
N1964,1746.6794,58.65947
N1965,1746.6483,59.028362
N1966,1746.6171,58.91711
N1967,1746.586,59.146004
N1968,1746.5549,59.1149
N1969,1746.5237,59.733646
N1970,1746.4926,59.70254
N1971,1746.4614,60.221436
N1972,1746.4303,60.19033
N1973,1746.399,60.829075
N1974,1746.3679,60.79797
N1975,1746.3369,60.936867
N1976,1746.3057,60.905613
N1977,1746.2745,61.524506
N1978,1746.2434,61.4934
N1979,1746.2123,61.632298
N1980,1746.181,61.82104
N1981,1746.1499,62.149937
N1982,1746.1188,62.158833
N1983,1746.0875,62.45758
N1984,1746.0565,62.516476
N1985,1746.0254,62.05537
N1986,1745.9943,62.464264
N1987,1745.963,62.62301
N1988,1745.9319,62.771904
N1989,1745.9008,63.3208
N1990,1745.8698,63.289696
N1991,1745.8385,63.36844
N1992,1745.8074,63.407337
N1993,1745.7762,63.60623
N1994,1745.7451,63.655125
N1995,1745.7139,63.60387
N1996,1745.6827,64.03277
N1997,1745.6516,64.00166
N1998,1745.6206,63.830555
N1999,1745.5894,63.899303
N2000,1745.5582,63.8682
N2001,1745.5271,63.267094
N2002,1745.4958,62.98584
N2003,1745.4647,62.754734
N2004,1745.4336,62.443626
N2005,1745.4025,62.41252
N2006,1745.3711,60.361122
N2007,1745.34,59.930016
N2008,1745.3087,58.51876
N2009,1745.2777,58.967655
N2010,1745.2465,57.856403
N2011,1745.2153,57.455296
N2012,1745.1842,56.824192
N2013,1745.153,56.13294
N2014,1745.1218,56.051834
N2015,1745.0907,55.54073
N2016,1745.0596,55.509624
N2017,1745.0282,53.59822
N2018,1744.9971,53.127113
N2019,1744.9661,51.69601
N2020,1744.9348,50.864758
N2021,1744.9037,50.423653
N2022,1744.8724,49.3924
N2023,1744.8412,48.941143
N2024,1744.81,48.81004
N2025,1744.7788,47.848785
N2026,1744.7476,48.16753
N2027,1744.7163,47.186275
N2028,1744.6852,46.67517
N2029,1744.654,46.934067
N2030,1744.6228,46.372814
N2031,1744.5917,46.361706
N2032,1744.5605,46.4606
N2033,1744.5293,46.34935
N2034,1744.4983,46.318245
N2035,1744.4672,46.917137
N2036,1744.4359,46.165886
N2037,1744.4047,47.634632
N2038,1744.3735,47.663525
N2039,1744.3424,48.72242
N2040,1744.3112,48.691166
N2041,1744.28,48.91006
N2042,1744.2489,49.628956
N2043,1744.2179,49.32785
N2044,1744.1866,49.446598
N2045,1744.1554,49.065342
N2046,1744.1243,49.034237
N2047,1744.0931,49.103134
N2048,1744.0619,48.861877
N2049,1744.0308,48.350773
N2050,1743.9996,48.39967
N2051,1743.9684,48.458416
N2052,1743.9373,48.04731
N2053,1743.9062,48.206203
N2054,1743.8751,48.2851
N2055,1743.8439,48.073845
N2056,1743.8127,48.142742
N2057,1743.7816,47.811634
N2058,1743.7505,47.45053
N2059,1743.7192,47.70928
N2060,1743.6882,47.388172
N2061,1743.6571,47.597065
N2062,1743.626,47.705963
N2063,1743.5947,47.644707
N2064,1743.5636,47.6136
N2065,1743.5325,47.7325
N2066,1743.5012,47.131245
N2067,1743.4701,47.910137
N2068,1743.4391,47.909035
N2069,1743.4078,47.87778
N2070,1743.3767,47.176674
N2071,1743.3456,47.195568
N2072,1743.3143,48.464317
N2073,1743.283,47.95291
N2074,1743.2517,47.30166
N2075,1743.2206,46.640553
N2076,1743.1895,46.54945
N2077,1743.1582,47.138195
N2078,1743.1271,47.10709
N2079,1743.0953,47.00539
N2080,1743.0641,46.344135
N2081,1743.0331,47.02303
N2082,1743.0018,46.181778
N2083,1742.9707,45.89067
N2084,1742.9396,45.919567
N2085,1742.9084,45.73846
N2086,1742.8772,45.417206
N2087,1742.8461,45.6361
N2088,1742.815,45.065
N2089,1742.7837,45.403744
N2090,1742.7527,45.062637
N2091,1742.7216,44.931534
N2092,1742.6904,44.88043
N2093,1742.6592,44.859173
N2094,1742.628,45.008068
N2095,1742.5969,44.976963
N2096,1742.5659,45.335857
N2097,1742.5345,45.634605
N2098,1742.5035,45.6035
N2099,1742.4724,45.582394
N2100,1742.4413,45.21129
N2101,1742.41,45.220036
N2102,1742.3789,45.32893
N2103,1742.3478,45.887825
N2104,1742.3165,46.03657
N2105,1742.2855,46.235466
N2106,1742.2544,46.57436
N2107,1742.2231,45.373108
N2108,1742.192,45.842003
N2109,1742.1608,47.21075
N2110,1742.1296,47.089645
N2111,1742.0985,46.87854
N2112,1742.0673,47.607285
N2113,1742.0361,48.49618
N2114,1742.0051,48.465076
N2115,1741.9739,48.343822
N2116,1741.9427,48.312717
N2117,1741.9116,48.54161
N2118,1741.8804,49.520355
N2119,1741.8492,48.429253
N2120,1741.818,50.177998
N2121,1741.7867,50.226746
N2122,1741.7556,50.83564
N2123,1741.7245,50.624535
N2124,1741.6935,50.70343
N2125,1741.6622,50.572174
N2126,1741.6311,51.00107
N2127,1741.6,50.859966
N2128,1741.5687,50.91871
N2129,1741.5376,50.627605
N2130,1741.5065,51.1165
N2131,1741.4752,50.525246
N2132,1741.4441,50.49414
N2133,1741.4128,49.852886
N2134,1741.3818,49.561783
N2135,1741.3507,49.200676
N2136,1741.3196,48.98957
N2137,1741.2883,48.55832
N2138,1741.2572,48.467213
N2139,1741.226,47.145958
N2140,1741.1948,47.004856
N2141,1741.1636,46.4536
N2142,1741.1324,45.452496
N2143,1741.1012,44.961243
N2144,1741.0702,44.180138
N2145,1741.0385,43.978436
N2146,1741.0073,43.41733
N2147,1740.9762,43.206226
N2148,1740.945,42.84497
N2149,1740.9138,42.623867
N2150,1740.8823,42.252316
N2151,1740.8511,42.18106
N2152,1740.82,42.149956
N2153,1740.7888,41.88885
N2154,1740.7579,41.687897
N2155,1740.7267,42.366642
N2157,1740.6737,41.49366
N2159,1740.6177,41.0177
N2160,1740.5916,41.161507
N2161,1740.5658,41.135757
N2162,1740.5399,41.049862
UHURU_PARK_GBR_IN,1740.4535,43.15354
UHURU_PARK_GBR_VD,1702.2561,4.956059
TUNDUMA_ESR_IN,1740.4764,36.97646
TUNDUMA_ESR_VD,1706.48,2.97995
UHURU_GSR01_IN,1740.1777,41.777763
UHURU_GSR01_VD,1701.4082,3.0081851
IPITO_GSR02_IN,1731.4125,50.212532
IPITO_GSR02_VD,1684.1608,2.9607913
N2165,1740.2877,40.787746
N2166,1740.2446,40.854588
N2167,1740.2014,40.751427
N2168,1740.1583,40.83827
N2169,1739.8756,45.94564
N2170,1739.6993,54.68928
N2171,1739.5977,59.50763
N2172,1739.4897,57.07973
N2173,1739.382,57.651978
N2174,1739.2867,60.24673
N2175,1739.1788,63.21883
N2176,1739.0709,65.260925
N2177,1738.963,66.233025
N2178,1738.8551,67.355125
N2179,1738.7474,68.39738
N2180,1738.6395,69.289474
N2181,1738.5317,69.30173
N2182,1738.4238,68.913826
N2183,1738.316,68.36607
N2184,1738.2081,68.558174
N2185,1738.1005,68.30042
N2186,1737.9926,68.50252
N2187,1737.8848,69.04477
N2188,1737.777,69.28702
N2189,1737.6691,69.21912
N2190,1737.5614,68.76137
N2191,1737.4535,68.14346
N2192,1737.3457,68.23571
N2193,1737.2378,67.36781
N2194,1737.13,67.83006
N2195,1737.0376,67.00764
N2196,1736.9297,66.399734
N2197,1736.822,67.05199
N2198,1736.7325,69.31254
N2199,1736.6246,69.82464
N2200,1736.5171,70.77704
N2201,1736.4092,71.50914
N2202,1736.3013,73.97124
N2203,1736.193,77.70304
N2204,1736.0847,81.81469
N2205,1735.9814,84.081406
N2206,1735.8851,86.93511
N2207,1735.7772,89.79721
N2208,1735.6719,92.83184
N2209,1735.5878,95.707756
N2210,1735.4799,97.87985
N2211,1735.3738,102.58374
N2212,1735.2654,106.1954
N2213,1735.1575,109.11749
N2214,1735.0494,112.13944
N2215,1734.9409,117.670944
N2216,1734.8328,121.28275
N2217,1734.7244,126.194405
N2218,1734.6182,128.67815
N2219,1734.5275,129.1675
N2220,1734.432,129.62195
N2221,1734.3242,128.1542
N2222,1734.2203,127.700325
N2223,1734.1125,127.57257
N2224,1734.0046,127.04467
N2225,1733.8967,124.54677
N2226,1733.79,123.66006
N2227,1733.6819,122.50186
N2228,1733.5741,122.12411
N2229,1733.4679,126.18784
N2230,1733.3597,129.7198
N2231,1733.2565,126.32651
N2232,1733.1483,122.48831
N2233,1733.0397,119.34967
N2234,1732.9318,119.34177
N2235,1732.824,119.46402
N2236,1732.7219,120.10192
N2237,1732.63,113.81995
N2238,1732.5283,107.4883
N2239,1732.444,103.95391
N2240,1732.336,98.19601
N2241,1732.2277,95.47766
N2242,1732.1484,91.588486
N2243,1732.0409,86.59088
N2244,1731.9346,79.754616
N2245,1731.8357,74.02565
N2246,1731.7252,62.91522
N2247,1731.6154,54.78538
N2248,1731.524,52.144
N2249,1731.4197,46.799675
N2252,1701.6061,2.5561266
N2253,1701.3269,2.476925
N2254,1701.1945,2.074468
N2255,1701.0619,1.5418621
N2256,1700.5754,2.9354918
N2257,1699.8175,8.65751
N2258,1699.49,11.19994
N2259,1699.1581,13.898053
N2260,1698.8263,15.976315
N2261,1698.4978,18.787851
N2262,1698.166,21.405964
N2263,1697.836,23.476013
N2264,1697.504,26.583977
N2265,1697.1788,28.228788
N2266,1696.8485,30.938538
N2267,1696.5193,33.43933
N2268,1696.1875,36.067444
N2269,1695.8612,39.01121
N2270,1695.5292,42.00918
N2271,1695.1967,45.036694
N2272,1694.8646,47.894657
N2273,1694.5309,49.98084
N2274,1694.1978,52.87776
N2275,1693.8655,54.00543
N2276,1693.5359,55.61592
N2277,1693.2046,56.67463
N2278,1692.8749,57.504826
N2279,1692.5505,58.03053
N2280,1692.2164,58.28641
MAKAMBINI_GSR03_IN,1685.3584,29.658411
MAKAMBINI_GSR03_VD,1658.7161,3.0160933
CHAPWA_GSR04_IN,1654.9841,133.58408
CHAPWA_GSR04_VD,1524.4161,3.0161235
N2282,1691.2306,62.300575
N2283,1690.5714,63.351414
N2284,1689.91,63.88002
N2285,1689.2483,63.18833
N2286,1688.5823,63.322327
N2287,1687.9169,66.236916
N2288,1687.2556,67.395676
N2289,1686.5908,69.87086
N2290,1685.926,72.31604
N2291,1685.2632,75.08316
N2292,1684.6062,78.23624
N2293,1683.967,81.32702
N2294,1683.342,83.52209
N2295,1682.6757,86.80563
N2296,1682.019,89.559006
N2297,1681.3646,90.91461
N2298,1680.7029,93.792915
N2299,1680.0421,96.01212
N2300,1679.3799,97.92984
N2301,1678.7328,100.71273
N2302,1678.076,102.0961
N2303,1677.4252,105.89513
N2304,1676.7612,108.571205
N2305,1676.1041,110.51413
N2306,1675.4436,110.82363
N2307,1674.782,111.71194
N2308,1674.1204,111.5504
N2309,1673.4591,110.899155
N2310,1672.7974,110.817314
N2311,1672.1357,109.185776
N2312,1671.488,108.60808
N2313,1670.8219,107.331924
N2314,1670.1604,108.01038
N2315,1669.498,108.06809
N2316,1668.8367,106.50671
N2317,1668.1881,104.278114
N2318,1667.5364,103.366394
N2319,1666.8784,104.43842
N2320,1666.2156,105.465546
N2321,1665.5532,107.48326
N2322,1664.8892,111.44919
N2323,1664.2388,111.84881
N2324,1663.5907,110.39066
N2325,1662.9293,108.88927
N2326,1662.2648,103.32475
N2327,1661.603,100.84306
N2328,1660.9418,100.73182
N2329,1660.2852,102.61519
N2330,1659.6224,105.30246
N2331,1658.9631,106.95315
N2332,1658.3173,111.96723
N2333,1657.677,115.00697
N2334,1657.0084,120.97844
N2335,1656.3436,125.46362
N2336,1655.6842,130.31416
N2337,1655.0986,131.16867
MOMBA_RIVER,1361.0,1.4453125e-05
GRIT_TANK,1366.5499,0.5499641
MOMBA_WTP_INLET,1379.0,1.0000321
MOMBA_WTP_CWT,1368.55,0.5500652
IKANA_GBR,1667.95,4.9499855
NKANGAMO_BPS,1553.05,0.5500594
UHURU_PARK_GBR,1702.25,4.949957
TUNDUMA_ESR,1706.4501,2.9500356
UHURU_GSR01,1701.35,2.9499934
IPITO_GSR02,1684.1499,2.9499269
MAKAMBINI_GSR03,1658.65,2.9500136
CHAPWA_GSR04,1524.3501,2.9500437
