Pipe,Name,From,To,Material,DN,ID (mm),Sized,Length (m),Hours/day,Q (m3/day),Q (m3/h),Q (l/s),V (m/s),Friction loss (m),Minor loss (m),Total loss (m),Gradient (m/km),HGL start (m),HGL end (m),Min pressure (m),Max pressure (m),Surge dH (m),Transient min (m),PN required,PN installed,PN working only,PN incl. surge,PN by chainage (working),PN by chainage (incl. surge)
ABSTRACTION,"Abstraction pipe STEEL DN600-PN10, L = 100 m",MOMBA_RIVER,MOMBA_INTAKE,STEEL,600,600.0,given,100.0,22,21505.376,977.517,271.533,0.96,0.162,0.016,0.178,1.782,1361.0,1360.822,,2.022,97.895,,10,,10,10,PN10 (0-100 m),PN10 (0-100 m)
LL_DELIVERY,ASSUMED short delivery pipe low-lift PS -> grit tank,MOMBA_INTAKE,GRIT_TANK,STEEL,600,600.0,given,30.0,22,21505.376,977.517,271.533,0.96,0.049,0.005,0.053,1.782,1369.053,1369.0,,4.313,97.895,,10,,10,10,PN10 (0-30 m),PN10 (0-30 m)
RAW_MAIN,"Raw water pipe STEEL DN600-PN10, L = 1,177 m, V = 0.97 m/s",GRIT_TANK,MOMBA_WTP,STEEL,600,600.0,given,1078.46,22,21505.376,977.517,271.533,0.96,1.747,0.175,1.922,1.782,1380.922,1379.0,8.305,16.182,97.895,-89.59,10,,10,10,"PN10 (0-1,078 m)","PN10 (0-1,078 m)"
WTP_IKANA_RM,"Rising main STEEL DN600 PN10/16/25/30/40, L = 20,994 m, V = 0.9 m/s",MOMBA_WTP,IKANA_GBR,STEEL,600,600.0,given,19665.64,22,20000.0,909.091,252.525,0.893,27.848,2.785,30.632,1.558,1699.632,1669.0,8.871,328.632,91.042,-82.171,40,,40,40,"PN40 (0-1,450 m), PN30 (1,450-12,227 m), PN25 (12,227-18,973 m), PN16 (18,973-19,408 m), PN10 (19,408-19,666 m)","PN40 (0-5,926 m), PN30 (5,926-17,427 m), PN25 (17,427-19,408 m), PN10 (19,408-19,666 m)"
IKANA_NKANGAMO_GM,"Gravity main STEEL DN600 PN10/16/25, L = 38,504 m, V = 0.82 m/s",IKANA_GBR,NKANGAMO_BPS,STEEL,600,600.0,given,38930.17,24.0,20000.0,833.333,231.481,0.819,46.923,4.692,51.615,1.326,1663.3,1611.685,65.612,205.918,83.455,-17.844,25,,25,25,"PN10 (0-170 m), PN16 (170-381 m), PN25 (381-7,257 m), PN16 (7,257-9,906 m), PN25 (9,906-10,006 m), PN16 (10,006-10,706 m), PN25 (10,706-12,707 m), PN16 (12,707-13,307 m), PN25 (13,307-14,358 m), PN16 (14,358-19,259 m), PN10 (19,259-19,659 m), PN16 (19,659-24,061 m), PN25 (24,061-24,611 m), PN16 (24,611-25,611 m), PN25 (25,611-34,667 m), PN16 (34,667-35,217 m), PN25 (35,217-35,367 m), PN16 (35,367-38,930 m)","PN16 (0-170 m), PN25 (170-16,609 m), PN16 (16,609-16,709 m), PN25 (16,709-17,509 m), PN16 (17,509-17,809 m), PN25 (17,809-18,659 m), PN16 (18,659-20,459 m), PN25 (20,459-38,930 m)"
BPS_RM_1,"Rising main STEEL DN600 PN10/16/25, L = 21,673 m (BPS -> Uhuru Park), V = 0.9 m/s",NKANGAMO_BPS,J-001N,STEEL,600,600.0,given,19581.43,22,20000.0,909.091,252.525,0.893,27.728,2.773,30.501,1.558,1738.228,1707.727,6.673,183.928,91.042,-84.37,25,,25,25,"PN25 (0-613 m), PN16 (613-1,513 m), PN25 (1,513-2,553 m), PN16 (2,553-5,495 m), PN25 (5,495-5,776 m), PN16 (5,776-7,558 m), PN10 (7,558-19,581 m)","PN25 (0-7,518 m), PN16 (7,518-10,116 m), PN10 (10,116-10,756 m), PN16 (10,756-13,483 m), PN10 (13,483-16,224 m), PN16 (16,224-16,504 m), PN10 (16,504-19,581 m)"
BPS_RM_2,BPS_RM_2,J-001N,J-002N,STEEL,600,600.0,given,40.02,22,19628.48,892.204,247.834,0.877,0.055,0.005,0.06,1.505,1707.727,1707.667,9.617,10.587,89.351,-79.734,10,,10,10,PN10 (0-40 m),PN10 (0-40 m)
BPS_RM_3,BPS_RM_3,J-002N,J-003N,STEEL,600,600.0,given,100.25,22,18081.92,821.905,228.307,0.807,0.118,0.012,0.13,1.292,1707.667,1707.537,9.241,9.617,82.311,-73.07,10,,10,10,PN10 (0-100 m),PN10 (0-100 m)
UHURU_INLET,ASSUMED 50 m from J-003N to the Uhuru Park GBR inlet,J-003N,UHURU_PARK_GBR,STEEL,600,600.0,given,50.0,22,17459.82,793.628,220.452,0.78,0.055,0.006,0.061,1.211,1707.537,1707.477,9.397,11.377,79.479,-70.082,10,,10,10,PN10 (0-50 m),PN10 (0-50 m)
ESR_BRANCH,"STEEL DN100-PN10, L = 38 m (schematic label DN80)",J-001N,TUNDUMA_ESR,STEEL,100,100.0,given,38.0,22,371.52,16.887,4.691,0.597,0.206,0.021,0.227,5.977,1707.727,1707.5,10.587,10.587,60.883,-50.296,10,,10,10,PN10 (0-38 m),PN10 (0-38 m)
GSR01_BRANCH,"STEEL DN150-PN16, L = 40 m",J-002N,UHURU_GSR01,STEEL,150,150.0,given,40.0,22,1546.56,70.298,19.527,1.105,0.423,0.042,0.466,11.64,1707.667,1707.201,9.617,10.001,112.642,-103.025,10,,10,16,PN10 (0-40 m),PN16 (0-40 m)
IPITO_BRANCH,"STEEL DN150-PN10, L = 4,285 m",J-003N,IPITO_GSR02,STEEL,150,150.0,given,4220.82,22,622.1,28.277,7.855,0.444,8.269,0.827,9.096,2.155,1707.537,1698.441,8.975,97.947,45.31,-36.335,16,,16,16,"PN10 (0-2,734 m), PN16 (2,734-2,871 m), PN10 (2,871-3,268 m), PN16 (3,268-3,366 m), PN10 (3,366-4,221 m)","PN10 (0-2,384 m), PN16 (2,384-3,793 m), PN10 (3,793-4,221 m)"
UHURU_J004N,"Gravity STEEL DN150-PN10, L = 1,555 m, Q = 1,244.2 m3/day",UHURU_PARK_GBR,J-004N,STEEL,150,150.0,given,1563.45,24.0,1244.2,51.842,14.4,0.815,9.412,0.941,10.353,6.622,1697.6,1687.247,-1.908,58.367,83.068,-84.976,10,,10,16,"PN10 (0-1,563 m)","PN10 (0-815 m), PN16 (815-1,563 m)"
MAKAMBINI_BRANCH,"STEEL DN100-PN10, L = 494 m (route not surveyed - straight line)",J-004N,MAKAMBINI_GSR03,STEEL,100,100.0,given,494.0,24.0,622.1,25.921,7.2,0.917,5.935,0.594,6.529,13.217,1687.247,1680.718,58.367,58.367,93.452,-35.085,10,,10,16,PN10 (0-494 m),PN16 (0-494 m)
CHAPWA_BRANCH,"STEEL DN100-PN25, L = 2,664 m",J-004N,CHAPWA_GSR04,STEEL,100,100.0,given,2790.5,24.0,622.1,25.921,7.2,0.917,33.528,3.353,36.881,13.217,1687.247,1650.366,58.367,127.756,93.452,-35.085,25,,25,25,"PN10 (0-599 m), PN16 (599-2,587 m), PN25 (2,587-2,790 m)","PN16 (0-599 m), PN25 (599-2,790 m)"
